<?xml version="1.0" encoding="UTF-8"?>
<project-private xmlns="http://www.netbeans.org/ns/project-private/1">
    <editor-bookmarks xmlns="http://www.netbeans.org/ns/editor-bookmarks/2" lastBookmarkId="0"/>
    <open-files xmlns="http://www.netbeans.org/ns/projectui-open-files/2">
        <group>
            <file>file:/Users/reesadayani/ICS3U/Unit%203/Programs/CulminatingRDayani/src/culminatingrdayani/PresentTense_Frame.java</file>
            <file>file:/Users/reesadayani/ICS3U/Unit%203/Programs/CulminatingRDayani/src/culminatingrdayani/Imparfait_Frame.java</file>
            <file>file:/Users/reesadayani/ICS3U/Unit%203/Programs/CulminatingRDayani/src/culminatingrdayani/Lesson_Frame.java</file>
            <file>file:/Users/reesadayani/ICS3U/Unit%203/Programs/CulminatingRDayani/src/culminatingrdayani/Solutions_Frame.java</file>
            <file>file:/Users/reesadayani/ICS3U/Unit%203/Programs/CulminatingRDayani/src/culminatingrdayani/Menu_Frame.java</file>
            <file>file:/Users/reesadayani/ICS3U/Unit%203/Programs/CulminatingRDayani/src/culminatingrdayani/Practice_frame.java</file>
            <file>file:/Users/reesadayani/ICS3U/Unit%203/Programs/CulminatingRDayani/src/culminatingrdayani/JFrame_Application.java</file>
            <file>file:/Users/reesadayani/ICS3U/Unit%203/Programs/CulminatingRDayani/src/culminatingrdayani/PasseComposee_Frame.java</file>
            <file>file:/Users/reesadayani/ICS3U/Unit%203/Programs/CulminatingRDayani/src/culminatingrdayani/FP_frame.java</file>
        </group>
    </open-files>
</project-private>
